[
    {
        "marke": "Apple",
        "model": "Apple iPhone 8 64GB",
        "pris": "6700",
        "storlek": "4,7",
        "os": "Apple iOS 12",
        "pixels": "750x1334",
        "id": "apple_iphone8_64gb"
    },
    {
        "marke": "Apple",
        "model": "Apple iPhone X 64GB",
        "pris": "10190",
        "storlek": "5,8",
        "os": "Apple iOS 122",
        "pixels": "1125x2436",
        "id": "apple_iphone_x_64gb"
    },
    {
        "marke": "Samsung",
        "model": "Samsung Galaxy S9 SM-G960F/DS 64GB",
        "pris": "6090",
        "storlek": "5,8",
        "os": "Android 8.0 (Oreo)",
        "pixels": "1440x2960",
        "id": "samsung_galaxy_s9_smg960fds_64gb"
    },
    {
        "marke": "Apple",
        "model": "Apple iPhone XS 64GB",
        "pris": "12489",
        "storlek": "5,8",
        "os": "Apple iOS 12",
        "pixels": "1125x2436",
        "id": "appleiphone_xs_64gb"
    },
    {
        "marke": "Samsung",
        "model": "Samsung Galaxy S9 Plus SM-G965F/DS 64GB",
        "pris": "7100",
        "storlek": "6,2",
        "os": "Android 8.0 (Oreo)",
        "pixels": "1440x2960",
        "id": "samsung_galaxy_s9_plus_smg965fds_64gb"
    },
    {
        "marke": "Huawei",
        "model": "Huawei P20 Pro Dual SIM 128GB",
        "pris": "7299",
        "storlek": "6,1",
        "os": "Android 8.1 (Oreo)",
        "pixels": "1080x2240",
        "id": "huawei_p20_pro_dualsim_128gb"
    },
    {
        "marke": "Apple",
        "model": "Apple iPhone 7 32GB",
        "pris": "5445",
        "storlek": "4,7",
        "os": "Apple iOS 12",
        "pixels": "750x1334",
        "id": "apple_iphone_7_32gb"
    },
    {
        "marke": "Xiaomi",
        "model": "Xiaomi Pocophone F1 64GB",
        "pris": "3673",
        "storlek": "6,18",
        "os": "Android 8.1 (Oreo)",
        "pixels": "1080x2246",
        "id": "xiaomi_pocophone_f1_64gb"
    },
    {
        "marke": "Samsung",
        "model": "Samsung Galaxy S8 SM-G950F 64GB",
        "pris": "4821",
        "storlek": "5,8",
        "os": "Android 8.0 (Oreo)",
        "pixels": "1440x2960",
        "id": "samsung_galaxy_s8_smg850f_64gb"
    },
    {
        "marke": "OnePlus",
        "model": "OnePlus 6 128GB",
        "pris": "5799",
        "storlek": "6,28",
        "os": "Android 8.1 (Oreo)",
        "pixels": "1080x2280",
        "id": "oneplus_6_128gb"
    },
    {
        "marke": "Apple",
        "model": "Apple iPhone 8 Plus 64GB",
        "pris": "8320",
        "storlek": "5,5",
        "os": "Apple iOS 12",
        "pixels": "1080x1920",
        "id": "apple_iphone_8_plus_64gb"
    },
    {
        "marke": "Apple",
        "model": "Apple iPhone XS Max 64GB",
        "pris": "13978",
        "storlek": "6,5",
        "os": "Apple iOS 12",
        "pixels": "1242x2688",
        "id": "apple_iphone_xs_max_64gb"
    },
    {
        "marke": "Huawei",
        "model": "Huawei P20 Lite Dual SIM 64GB",
        "pris": "3097",
        "storlek": "5,84",
        "os": "Android 8.0 (Oreo)",
        "pixels": "1080x2280",
        "id": "huawei_p20_lite_dualsim_64gb"
    },
    {
        "marke": "Samsung",
        "model": "Samsung Galaxy Note 9 SM-N960F/DS 128GB",
        "pris": "9528",
        "storlek": "6,4",
        "os": "Android 8.1 (Oreo)",
        "pixels": "1440x2960",
        "id": "samsung_galaxy_note_9_smn960fds_128gb"
    },
    {
        "marke": "Huawei",
        "model": "Huawei Mate 10 Pro Dual SIM 128GB",
        "pris": "4805",
        "storlek": "6",
        "os": "Android 8.0 (Oreo)",
        "pixels": "1080x2160",
        "id": "huawei_mate_10_pro_dualsim_128gb"
    },
    {
        "marke": "Samsung",
        "model": "Samsung Galaxy S7 SM-G930F 32GB",
        "pris": "3490",
        "storlek": "5,1",
        "os": "Android 8.0 (Oreo)",
        "pixels": "1440x2560",
        "id": "samsung_galaxy_s7_smg930f_32gb"
    },
    {
        "marke": "Apple",
        "model": "Apple iPhone SE 32GB",
        "pris": "2897",
        "storlek": "4",
        "os": "Apple iOS 12",
        "pixels": "640x1136",
        "id": "apple_iphone_se_32gb"
    },
    {
        "marke": "Samsung",
        "model": "Samsung Galaxy A8 2018 SM-A530F/DS",
        "pris": "3402",
        "storlek": "5,6",
        "os": "Android 7.1 (Nougat)",
        "pixels": "1080x2220",
        "id": "samsung_galaxy_a8_2018_sma530fds"
    },
    {
        "marke": "Apple",
        "model": "Apple iPhone 6 32GB",
        "pris": "3425",
        "storlek": "4,7",
        "os": "Apple iOS 12",
        "pixels": "750x13342",
        "id": "apple_iphone_6_32gb"
    },
    {
        "marke": "Apple",
        "model": "Apple iPhone 6s 32GB",
        "pris": "4290",
        "storlek": "4,7",
        "os": "Apple iOS 12",
        "pixels": "750x1334",
        "id": "apple_iphone_6s_32gb"
    },
    {
        "marke": "Apple",
        "model": "Apple iPhone X 256GB",
        "pris": "11650",
        "storlek": "5,8",
        "os": "Apple iOS 12",
        "pixels": "1125x2436",
        "id": "apple_iphone_x_256gb"
    },
    {
        "marke": "LG",
        "model": "LG G7 ThinQ LMG710",
        "pris": "5448",
        "storlek": "6,1",
        "os": "Android 8.0 (Oreo)",
        "pixels": "1440x3120",
        "id": "lg_g7_thinq_lmg710"
    },
    {
        "marke": "Sony",
        "model": "Sony Xperia XZ2 Compact Dual H8324",
        "pris": "4690",
        "storlek": "5",
        "os": "Android 8.0 (Oreo)",
        "pixels": "1080x2160",
        "id": "sonyexperia_xz2_compact_dual_h8324"
    },
    {
        "marke": "Xiaomi",
        "model": "Xiaomi Mi A2 64GB",
        "pris": "2479",
        "storlek": "5,99",
        "os": "Android 8.1 (Oreo)",
        "pixels": "1080x2160",
        "id": "xiaomi_mi_a2_64gb"
    },
    {
        "marke": "Samsung",
        "model": "Samsung Galaxy S8 Plus SM-G955F 64GB",
        "pris": "5444",
        "storlek": "6,2",
        "os": "Android 8.0 (Oreo)",
        "pixels": "1440x2960",
        "id": "samsung_galaxy_s8_plus_smg955f_64gb"
    },
    {
        "marke": "Apple",
        "model": "Apple iPhone XR 64GB",
        "pris": "9495",
        "storlek": "6,1",
        "os": "Apple iOS 12",
        "pixels": "828x1792",
        "id": "apple_iphone_xr_64gb"
    },
    {
        "marke": "Samsung",
        "model": "Samsung Galaxy Note 8 SM-N950F/DS 64GB",
        "pris": "6950",
        "storlek": "6,3",
        "os": "Android 8.0 (Oreo)",
        "pixels": "1440x2960",
        "id": "samsung_galaxy_note_8_smn950fds_64gb"
    },
    {
        "marke": "OnePlus",
        "model": "OnePlus 6 64GB",
        "pris": "5090",
        "storlek": "6,28",
        "os": "Android 8.1 (Oreo)",
        "pixels": "1080x2280",
        "id": "oneplus_6_64gb"
    },
    {
        "marke": "Asus",
        "model": "Asus ZenFone 5Z ZS620KL (6GB RAM) 64GB",
        "pris": "4490",
        "storlek": "6,2",
        "os": "Android 8.0",
        "pixels": "1080x2246",
        "id": "asus_zenphone_5z_zs620kl_6gb_ram_64gb"
    },
    {
        "marke": "Apple",
        "model": "Apple iPhone XS Max 256GB",
        "pris": "15810",
        "storlek": "6,5",
        "os": "Apple iOS 12",
        "pixels": "1242x2688",
        "id": "apple_iphone_xs_256gb"
    },
    {
        "marke": "Honor 10",
        "model": "Honor 10 (4GB RAM) 64GB",
        "pris": "4006",
        "storlek": "5,84",
        "os": "Android 8.1",
        "pixels": "1080x2280",
        "id": "huawei_honor_10_4gb_ram_64gb"
    },
    {
        "marke": "Motorola",
        "model": "Motorola Moto G6 Plus (4GB RAM) 64GB",
        "pris": "2988",
        "storlek": "5,9",
        "os": "Android 8.0 (Oreo)",
        "pixels": "1080x2160",
        "id": "motorola_moto_g6_plus_4gb_ram_64gb"
    },
    {
        "marke": "Sony",
        "model": "Sony Xperia XZ1 Compact G8441",
        "pris": "3485",
        "storlek": "4,6",
        "os": "Android 8.0 (Oreo)",
        "pixels": "720x1280",
        "id": "sony_xperia_xz1_compact_g8441"
    },
    {
        "marke": "Apple",
        "model": "Apple iPhone 7 Plus 32GB",
        "pris": "4499",
        "storlek": "5,5",
        "os": "Apple iOS 12",
        "pixels": "1080x1920",
        "id": "apple_iphone_7_plus_32gb"
    }
]
